validation_year,unit,feature,importance
2020,Hogga_G1,t,0.03660358188808655
2020,Hogga_G1,hour,0.008351069721230935
2020,Hogga_G1,weekday,0.029061572426068823
2020,Hogga_G1,season,0.02079787609720566
2020,Hogga_G1,doy_sin,0.052801562762296486
2020,Hogga_G1,doy_cos,0.05503616033051946
2020,Hogga_G1,price,0.037320884794638756
2020,Hogga_G1,price_rank,0.013764884914367557
2020,Hogga_G1,price_minus_mean,0.021575111319492593
2020,Hogga_G1,price_week_mean,0.07244216379027534
2020,Hogga_G1,wv_Hogga_G1,0.16846825626870035
2020,Hogga_G1,fill_Hogga_G1,0.08286386096619798
2020,Hogga_G1,inflow_Hogga_G1,0.035858398531405246
2020,Hogga_G1,spread_Hogga_G1,0.19977952518842096
2020,Hogga_G1,rank_fill_Hogga_G1,0.017074137762782663
2020,Hogga_G1,spread_t_Hogga_G1,0.14820095323831073
2020,Tokke_G1,t,0.021561818339970805
2020,Tokke_G1,hour,0.010247152259398002
2020,Tokke_G1,weekday,0.020613729910495857
2020,Tokke_G1,season,0.02814613828657723
2020,Tokke_G1,doy_sin,0.05174340737978207
2020,Tokke_G1,doy_cos,0.06812320820860264
2020,Tokke_G1,price,0.04723381860683733
2020,Tokke_G1,price_rank,0.0384002323556166
2020,Tokke_G1,price_minus_mean,0.029453592862569367
2020,Tokke_G1,price_week_mean,0.05846578802517038
2020,Tokke_G1,wv_Tokke_G1,0.20627408327150384
2020,Tokke_G1,fill_Tokke_G1,0.03739806714023633
2020,Tokke_G1,inflow_Tokke_G1,0.08444999973018968
2020,Tokke_G1,spread_Tokke_G1,0.15789525979808344
2020,Tokke_G1,rank_fill_Tokke_G1,0.043444506625304705
2020,Tokke_G1,spread_t_Tokke_G1,0.09654919719966182
2020,Tokke_G2,t,0.017730329189504172
2020,Tokke_G2,hour,0.0049252213791930845
2020,Tokke_G2,weekday,0.014774176009580779
2020,Tokke_G2,season,0.026048999097000404
2020,Tokke_G2,doy_sin,0.051333278794341186
2020,Tokke_G2,doy_cos,0.058360776717210135
2020,Tokke_G2,price,0.04415046247670101
2020,Tokke_G2,price_rank,0.012540170924958086
2020,Tokke_G2,price_minus_mean,0.024092616411042836
2020,Tokke_G2,price_week_mean,0.06584552897263092
2020,Tokke_G2,wv_Tokke_G2,0.2576427158124084
2020,Tokke_G2,fill_Tokke_G2,0.040880812429033846
2020,Tokke_G2,inflow_Tokke_G2,0.05190081227262516
2020,Tokke_G2,spread_Tokke_G2,0.19159942075248926
2020,Tokke_G2,rank_fill_Tokke_G2,0.015280639105167446
2020,Tokke_G2,spread_t_Tokke_G2,0.12289403965611344
2020,Tokke_G3,t,0.01861292002410303
2020,Tokke_G3,hour,0.006443641086646237
2020,Tokke_G3,weekday,0.01567307089170329
2020,Tokke_G3,season,0.02523096577845848
2020,Tokke_G3,doy_sin,0.05123797999335059
2020,Tokke_G3,doy_cos,0.05852854342696819
2020,Tokke_G3,price,0.047286176174265906
2020,Tokke_G3,price_rank,0.019294671034359143
2020,Tokke_G3,price_minus_mean,0.026930665206238345
2020,Tokke_G3,price_week_mean,0.06397314869936856
2020,Tokke_G3,wv_Tokke_G3,0.23158926833348562
2020,Tokke_G3,fill_Tokke_G3,0.03857086556435852
2020,Tokke_G3,inflow_Tokke_G3,0.06698425593475436
2020,Tokke_G3,spread_Tokke_G3,0.1895306341913388
2020,Tokke_G3,rank_fill_Tokke_G3,0.023176588272716656
2020,Tokke_G3,spread_t_Tokke_G3,0.11693660538788418
2020,Tokke_G4,t,0.01759006950284537
2020,Tokke_G4,hour,0.00529568247856108
2020,Tokke_G4,weekday,0.014734598353994502
2020,Tokke_G4,season,0.027631610658790346
2020,Tokke_G4,doy_sin,0.05457462029330064
2020,Tokke_G4,doy_cos,0.059579519888815935
2020,Tokke_G4,price,0.04723127726199978
2020,Tokke_G4,price_rank,0.01411165482869565
2020,Tokke_G4,price_minus_mean,0.026112410677282556
2020,Tokke_G4,price_week_mean,0.07008752949063883
2020,Tokke_G4,wv_Tokke_G4,0.23351666861552198
2020,Tokke_G4,fill_Tokke_G4,0.04299310477285011
2020,Tokke_G4,inflow_Tokke_G4,0.05847340346103865
2020,Tokke_G4,spread_Tokke_G4,0.19466091346979691
2020,Tokke_G4,rank_fill_Tokke_G4,0.01707617542543891
2020,Tokke_G4,spread_t_Tokke_G4,0.11633076082042876
2020,Lio_G1,t,0.016315774294888865
2020,Lio_G1,hour,0.0052693001122011375
2020,Lio_G1,weekday,0.01828174991228632
2020,Lio_G1,season,0.03986367154050727
2020,Lio_G1,doy_sin,0.06817942645099938
2020,Lio_G1,doy_cos,0.09037098530422465
2020,Lio_G1,price,0.03723522638755312
2020,Lio_G1,price_rank,0.008277468040087404
2020,Lio_G1,price_minus_mean,0.009859496725668675
2020,Lio_G1,price_week_mean,0.08363561139705908
2020,Lio_G1,wv_Lio_G1,0.13349983897522202
2020,Lio_G1,fill_Lio_G1,0.13476301846473798
2020,Lio_G1,inflow_Lio_G1,0.055512354431328466
2020,Lio_G1,spread_Lio_G1,0.17218429117099257
2020,Lio_G1,rank_fill_Lio_G1,0.019912587883002666
2020,Lio_G1,spread_t_Lio_G1,0.10683919890924055
2020,Byrte_G1,t,0.011233098078038748
2020,Byrte_G1,hour,0.003527366875683806
2020,Byrte_G1,weekday,0.009776623393612927
2020,Byrte_G1,season,0.02313815577606501
2020,Byrte_G1,doy_sin,0.04097616147522323
2020,Byrte_G1,doy_cos,0.03546237000845234
2020,Byrte_G1,price,0.032496988529125
2020,Byrte_G1,price_rank,0.006239281741342973
2020,Byrte_G1,price_minus_mean,0.008253656545933852
2020,Byrte_G1,price_week_mean,0.05084368493105087
2020,Byrte_G1,wv_Byrte_G1,0.2418415112316131
2020,Byrte_G1,fill_Byrte_G1,0.06814659273993785
2020,Byrte_G1,inflow_Byrte_G1,0.015085970398999275
2020,Byrte_G1,spread_Byrte_G1,0.2874971742125109
2020,Byrte_G1,rank_fill_Byrte_G1,0.020054628775798666
2020,Byrte_G1,spread_t_Byrte_G1,0.1454267352866115
2020,Vinje_G1,t,0.03448108771336825
2020,Vinje_G1,hour,0.008808942581924436
2020,Vinje_G1,weekday,0.02580693239183505
2020,Vinje_G1,season,0.024058519820596293
2020,Vinje_G1,doy_sin,0.06347713200333355
2020,Vinje_G1,doy_cos,0.06453254340044057
2020,Vinje_G1,price,0.04784736542970524
2020,Vinje_G1,price_rank,0.022538038078675972
2020,Vinje_G1,price_minus_mean,0.029929443929504963
2020,Vinje_G1,price_week_mean,0.11507568175591443
2020,Vinje_G1,wv_Vinje_G1,0.14548444404114322
2020,Vinje_G1,fill_Vinje_G1,0.1310950454049193
2020,Vinje_G1,inflow_Vinje_G1,0.04859695090328781
2020,Vinje_G1,spread_Vinje_G1,0.11912464458229463
2020,Vinje_G1,rank_fill_Vinje_G1,0.04897417588413125
2020,Vinje_G1,spread_t_Vinje_G1,0.07016905207892504
2020,Vinje_G2,t,0.03908777772097399
2020,Vinje_G2,hour,0.01099419685308961
2020,Vinje_G2,weekday,0.02954826932574365
2020,Vinje_G2,season,0.023281306258808355
2020,Vinje_G2,doy_sin,0.06343863447840681
2020,Vinje_G2,doy_cos,0.06744155584482706
2020,Vinje_G2,price,0.04697280722079803
2020,Vinje_G2,price_rank,0.026145510549017544
2020,Vinje_G2,price_minus_mean,0.030263989422280427
2020,Vinje_G2,price_week_mean,0.10875712462066067
2020,Vinje_G2,wv_Vinje_G2,0.14966752988065354
2020,Vinje_G2,fill_Vinje_G2,0.12124555863659832
2020,Vinje_G2,inflow_Vinje_G2,0.04968148245187738
2020,Vinje_G2,spread_Vinje_G2,0.11329484986685014
2020,Vinje_G2,rank_fill_Vinje_G2,0.04830463876053123
2020,Vinje_G2,spread_t_Vinje_G2,0.07187476810888335
2020,Vinje_G3,t,0.04955700725172044
2020,Vinje_G3,hour,0.017716499118621484
2020,Vinje_G3,weekday,0.03746103082219338
2020,Vinje_G3,season,0.027597363501993412
2020,Vinje_G3,doy_sin,0.06483616719484818
2020,Vinje_G3,doy_cos,0.07039527827457458
2020,Vinje_G3,price,0.04468778259946248
2020,Vinje_G3,price_rank,0.02878859764077559
2020,Vinje_G3,price_minus_mean,0.03338297718915462
2020,Vinje_G3,price_week_mean,0.09706496148092769
2020,Vinje_G3,wv_Vinje_G3,0.13001519634814085
2020,Vinje_G3,fill_Vinje_G3,0.1108750847418407
2020,Vinje_G3,inflow_Vinje_G3,0.05238145402890598
2020,Vinje_G3,spread_Vinje_G3,0.10342400472452373
2020,Vinje_G3,rank_fill_Vinje_G3,0.048868379815844784
2020,Vinje_G3,spread_t_Vinje_G3,0.08294821526647203
2020,Haukeli_G1,t,0.04058098202929569
2020,Haukeli_G1,hour,0.006148592376713436
2020,Haukeli_G1,weekday,0.028615709582696196
2020,Haukeli_G1,season,0.027883510996463436
2020,Haukeli_G1,doy_sin,0.08649873855435773
2020,Haukeli_G1,doy_cos,0.08344688344678515
2020,Haukeli_G1,price,0.04558035996013397
2020,Haukeli_G1,price_rank,0.012878760187129534
2020,Haukeli_G1,price_minus_mean,0.02049290905754235
2020,Haukeli_G1,price_week_mean,0.16585962074252256
2020,Haukeli_G1,wv_Haukeli_G1,0.25303323695840446
2020,Haukeli_G1,fill_Haukeli_G1,0.0
2020,Haukeli_G1,inflow_Haukeli_G1,0.03777176810815655
2020,Haukeli_G1,spread_Haukeli_G1,0.11054703617440978
2020,Haukeli_G1,rank_fill_Haukeli_G1,0.013013521446220843
2020,Haukeli_G1,spread_t_Haukeli_G1,0.06764837037916832
2020,Songa_G1,t,0.013438619964918654
2020,Songa_G1,hour,0.004386160586812386
2020,Songa_G1,weekday,0.010187377926807073
2020,Songa_G1,season,0.03151271683048596
2020,Songa_G1,doy_sin,0.04195061931513896
2020,Songa_G1,doy_cos,0.05487119847698978
2020,Songa_G1,price,0.05890868284766289
2020,Songa_G1,price_rank,0.012351017398277585
2020,Songa_G1,price_minus_mean,0.015565743272046179
2020,Songa_G1,price_week_mean,0.07715640368358459
2020,Songa_G1,wv_Songa_G1,0.169483322889959
2020,Songa_G1,fill_Songa_G1,0.09272872901345558
2020,Songa_G1,inflow_Songa_G1,0.026243046692350575
2020,Songa_G1,spread_Songa_G1,0.23603921190854205
2020,Songa_G1,rank_fill_Songa_G1,0.028354982689480723
2020,Songa_G1,spread_t_Songa_G1,0.12682216650348804
2020,Kjela_G1,t,0.017830354242253987
2020,Kjela_G1,hour,0.006520472226634105
2020,Kjela_G1,weekday,0.013773280660230407
2020,Kjela_G1,season,0.024813942909043533
2020,Kjela_G1,doy_sin,0.04763210341712581
2020,Kjela_G1,doy_cos,0.042971550894536754
2020,Kjela_G1,price,0.06345093929029527
2020,Kjela_G1,price_rank,0.014421791323598165
2020,Kjela_G1,price_minus_mean,0.016378832784390535
2020,Kjela_G1,price_week_mean,0.07978515684817199
2020,Kjela_G1,wv_Kjela_G1,0.1606894462371728
2020,Kjela_G1,fill_Kjela_G1,0.06441836597551229
2020,Kjela_G1,inflow_Kjela_G1,0.03267341152969465
2020,Kjela_G1,spread_Kjela_G1,0.23636668268503125
2020,Kjela_G1,rank_fill_Kjela_G1,0.030646372021586214
2020,Kjela_G1,spread_t_Kjela_G1,0.14762729695472226
2020,Vesle Kjela_G1,t,0.015265934865996008
2020,Vesle Kjela_G1,hour,0.003665451487323129
2020,Vesle Kjela_G1,weekday,0.01067764502245881
2020,Vesle Kjela_G1,season,0.019075675570898523
2020,Vesle Kjela_G1,doy_sin,0.040114488901424813
2020,Vesle Kjela_G1,doy_cos,0.037476058447796744
2020,Vesle Kjela_G1,price,0.02908873023395561
2020,Vesle Kjela_G1,price_rank,0.007544889434370459
2020,Vesle Kjela_G1,price_minus_mean,0.009557217014947791
2020,Vesle Kjela_G1,price_week_mean,0.06105525508970102
2020,Vesle Kjela_G1,wv_Vesle Kjela_G1,0.23296540877384136
2020,Vesle Kjela_G1,fill_Vesle Kjela_G1,0.11198291485589028
2020,Vesle Kjela_G1,inflow_Vesle Kjela_G1,0.03065095861185872
2020,Vesle Kjela_G1,spread_Vesle Kjela_G1,0.22715204175874512
2020,Vesle Kjela_G1,rank_fill_Vesle Kjela_G1,0.035325246510813785
2020,Vesle Kjela_G1,spread_t_Vesle Kjela_G1,0.1284020834199779
2021,Hogga_G1,t,0.03468206435586828
2021,Hogga_G1,hour,0.007793125202583467
2021,Hogga_G1,weekday,0.02704069143317955
2021,Hogga_G1,season,0.02367125927970117
2021,Hogga_G1,doy_sin,0.051990782035946766
2021,Hogga_G1,doy_cos,0.05687354236477959
2021,Hogga_G1,price,0.04010982065771701
2021,Hogga_G1,price_rank,0.013332813986368012
2021,Hogga_G1,price_minus_mean,0.02081394069478154
2021,Hogga_G1,price_week_mean,0.07282748068815408
2021,Hogga_G1,wv_Hogga_G1,0.18480281377905308
2021,Hogga_G1,fill_Hogga_G1,0.08489876750872107
2021,Hogga_G1,inflow_Hogga_G1,0.03540563532432633
2021,Hogga_G1,spread_Hogga_G1,0.19173180413887833
2021,Hogga_G1,rank_fill_Hogga_G1,0.01632529095263474
2021,Hogga_G1,spread_t_Hogga_G1,0.13770016759730716
2021,Tokke_G1,t,0.023087016512352888
2021,Tokke_G1,hour,0.010026996419650356
2021,Tokke_G1,weekday,0.021154992490118388
2021,Tokke_G1,season,0.029230246401277308
2021,Tokke_G1,doy_sin,0.05134770352218986
2021,Tokke_G1,doy_cos,0.06497406854530731
2021,Tokke_G1,price,0.048078807109733675
2021,Tokke_G1,price_rank,0.03784358531614748
2021,Tokke_G1,price_minus_mean,0.028934864459673276
2021,Tokke_G1,price_week_mean,0.061818878548360906
2021,Tokke_G1,wv_Tokke_G1,0.1923596880698884
2021,Tokke_G1,fill_Tokke_G1,0.03712359390796536
2021,Tokke_G1,inflow_Tokke_G1,0.08511813354274386
2021,Tokke_G1,spread_Tokke_G1,0.16090542401671923
2021,Tokke_G1,rank_fill_Tokke_G1,0.04024470395433935
2021,Tokke_G1,spread_t_Tokke_G1,0.10775129718353221
2021,Tokke_G2,t,0.01840306849753387
2021,Tokke_G2,hour,0.0049028265646055055
2021,Tokke_G2,weekday,0.015383596856398904
2021,Tokke_G2,season,0.02805518834363836
2021,Tokke_G2,doy_sin,0.05275719816474403
2021,Tokke_G2,doy_cos,0.05558727373236403
2021,Tokke_G2,price,0.048630967600490266
2021,Tokke_G2,price_rank,0.012822490324492494
2021,Tokke_G2,price_minus_mean,0.02279926704406725
2021,Tokke_G2,price_week_mean,0.07057771265238366
2021,Tokke_G2,wv_Tokke_G2,0.23519776218349775
2021,Tokke_G2,fill_Tokke_G2,0.040665449489446524
2021,Tokke_G2,inflow_Tokke_G2,0.052120872172676004
2021,Tokke_G2,spread_Tokke_G2,0.1970673407067609
2021,Tokke_G2,rank_fill_Tokke_G2,0.01584444391588874
2021,Tokke_G2,spread_t_Tokke_G2,0.12918454175101174
2021,Tokke_G3,t,0.01946152568192691
2021,Tokke_G3,hour,0.00615934623762037
2021,Tokke_G3,weekday,0.01621771361972002
2021,Tokke_G3,season,0.02799860213448578
2021,Tokke_G3,doy_sin,0.051427157876341265
2021,Tokke_G3,doy_cos,0.05744575166041555
2021,Tokke_G3,price,0.05050559290363397
2021,Tokke_G3,price_rank,0.018800286967412805
2021,Tokke_G3,price_minus_mean,0.026170880376236282
2021,Tokke_G3,price_week_mean,0.06627204183345455
2021,Tokke_G3,wv_Tokke_G3,0.22953306552866987
2021,Tokke_G3,fill_Tokke_G3,0.03733160609962088
2021,Tokke_G3,inflow_Tokke_G3,0.06614589083850053
2021,Tokke_G3,spread_Tokke_G3,0.18276570298993802
2021,Tokke_G3,rank_fill_Tokke_G3,0.023661706436104827
2021,Tokke_G3,spread_t_Tokke_G3,0.1201031288159184
2021,Tokke_G4,t,0.01778110472692891
2021,Tokke_G4,hour,0.0052342181884244875
2021,Tokke_G4,weekday,0.015451390646590266
2021,Tokke_G4,season,0.02861702804511155
2021,Tokke_G4,doy_sin,0.053398344397976485
2021,Tokke_G4,doy_cos,0.059044815112019707
2021,Tokke_G4,price,0.05083280133570657
2021,Tokke_G4,price_rank,0.01461847969226701
2021,Tokke_G4,price_minus_mean,0.024902042244937167
2021,Tokke_G4,price_week_mean,0.071916452915233
2021,Tokke_G4,wv_Tokke_G4,0.23273158694369803
2021,Tokke_G4,fill_Tokke_G4,0.04229334802868497
2021,Tokke_G4,inflow_Tokke_G4,0.05914590457091236
2021,Tokke_G4,spread_Tokke_G4,0.1949981056740791
2021,Tokke_G4,rank_fill_Tokke_G4,0.01793725962539694
2021,Tokke_G4,spread_t_Tokke_G4,0.11109711785203345
2021,Lio_G1,t,0.017226141343128037
2021,Lio_G1,hour,0.005325285241973099
2021,Lio_G1,weekday,0.01888541509163438
2021,Lio_G1,season,0.037593578220918536
2021,Lio_G1,doy_sin,0.07157914202190266
2021,Lio_G1,doy_cos,0.09511090281746495
2021,Lio_G1,price,0.04458999297592161
2021,Lio_G1,price_rank,0.008781555389597708
2021,Lio_G1,price_minus_mean,0.010364055812494662
2021,Lio_G1,price_week_mean,0.07938562574308314
2021,Lio_G1,wv_Lio_G1,0.13079669309502956
2021,Lio_G1,fill_Lio_G1,0.13630966849940723
2021,Lio_G1,inflow_Lio_G1,0.05483504395828956
2021,Lio_G1,spread_Lio_G1,0.1714336736635736
2021,Lio_G1,rank_fill_Lio_G1,0.02129291217712323
2021,Lio_G1,spread_t_Lio_G1,0.09649031394845808
2021,Byrte_G1,t,0.012109156347118006
2021,Byrte_G1,hour,0.0031429024558069975
2021,Byrte_G1,weekday,0.009313917325313108
2021,Byrte_G1,season,0.023032042582718272
2021,Byrte_G1,doy_sin,0.040492155407749954
2021,Byrte_G1,doy_cos,0.04245739735317827
2021,Byrte_G1,price,0.03566347814212357
2021,Byrte_G1,price_rank,0.006333693809069575
2021,Byrte_G1,price_minus_mean,0.00773131833673209
2021,Byrte_G1,price_week_mean,0.05739647674398086
2021,Byrte_G1,wv_Byrte_G1,0.2350634951749387
2021,Byrte_G1,fill_Byrte_G1,0.08944621705481343
2021,Byrte_G1,inflow_Byrte_G1,0.015696539527596868
2021,Byrte_G1,spread_Byrte_G1,0.2502272970390771
2021,Byrte_G1,rank_fill_Byrte_G1,0.025061019684731102
2021,Byrte_G1,spread_t_Byrte_G1,0.14683289301505212
2021,Vinje_G1,t,0.035084380825446876
2021,Vinje_G1,hour,0.008837836819451507
2021,Vinje_G1,weekday,0.026028563088591097
2021,Vinje_G1,season,0.022541089369894282
2021,Vinje_G1,doy_sin,0.06559028875927332
2021,Vinje_G1,doy_cos,0.06607343045152288
2021,Vinje_G1,price,0.048831881272445275
2021,Vinje_G1,price_rank,0.024315325453000323
2021,Vinje_G1,price_minus_mean,0.03131125866627023
2021,Vinje_G1,price_week_mean,0.11221059790742205
2021,Vinje_G1,wv_Vinje_G1,0.14292206501327956
2021,Vinje_G1,fill_Vinje_G1,0.1339513729660792
2021,Vinje_G1,inflow_Vinje_G1,0.05147967093176899
2021,Vinje_G1,spread_Vinje_G1,0.113252444572397
2021,Vinje_G1,rank_fill_Vinje_G1,0.05161005376431663
2021,Vinje_G1,spread_t_Vinje_G1,0.06595974013884087
2021,Vinje_G2,t,0.0395624422365058
2021,Vinje_G2,hour,0.010663431483844191
2021,Vinje_G2,weekday,0.029341487976504873
2021,Vinje_G2,season,0.022472836842627422
2021,Vinje_G2,doy_sin,0.06662669012793801
2021,Vinje_G2,doy_cos,0.0691484139217408
2021,Vinje_G2,price,0.04946082598265448
2021,Vinje_G2,price_rank,0.026205800335397975
2021,Vinje_G2,price_minus_mean,0.03169400448729861
2021,Vinje_G2,price_week_mean,0.10873874964770049
2021,Vinje_G2,wv_Vinje_G2,0.1337949951782612
2021,Vinje_G2,fill_Vinje_G2,0.12289584740303901
2021,Vinje_G2,inflow_Vinje_G2,0.05404855647645296
2021,Vinje_G2,spread_Vinje_G2,0.11053352727003452
2021,Vinje_G2,rank_fill_Vinje_G2,0.05392245807994603
2021,Vinje_G2,spread_t_Vinje_G2,0.07088993255005374
2021,Vinje_G3,t,0.0507956688979692
2021,Vinje_G3,hour,0.017193661227748742
2021,Vinje_G3,weekday,0.038199280179281606
2021,Vinje_G3,season,0.025693239270001906
2021,Vinje_G3,doy_sin,0.06752923178419518
2021,Vinje_G3,doy_cos,0.07663074061561331
2021,Vinje_G3,price,0.04606028645278995
2021,Vinje_G3,price_rank,0.030052597191505503
2021,Vinje_G3,price_minus_mean,0.03455851386161188
2021,Vinje_G3,price_week_mean,0.09565839685757008
2021,Vinje_G3,wv_Vinje_G3,0.11804337869856778
2021,Vinje_G3,fill_Vinje_G3,0.11088171359522615
2021,Vinje_G3,inflow_Vinje_G3,0.05588960768839397
2021,Vinje_G3,spread_Vinje_G3,0.09872287511838997
2021,Vinje_G3,rank_fill_Vinje_G3,0.05109672874580114
2021,Vinje_G3,spread_t_Vinje_G3,0.08299407981533369
2021,Haukeli_G1,t,0.034705611247316845
2021,Haukeli_G1,hour,0.005160843437920421
2021,Haukeli_G1,weekday,0.024515810423715725
2021,Haukeli_G1,season,0.035853233516714655
2021,Haukeli_G1,doy_sin,0.08111826150184476
2021,Haukeli_G1,doy_cos,0.0838827746073046
2021,Haukeli_G1,price,0.06625115598302093
2021,Haukeli_G1,price_rank,0.011396651994092209
2021,Haukeli_G1,price_minus_mean,0.018999958973455196
2021,Haukeli_G1,price_week_mean,0.16395406331981868
2021,Haukeli_G1,wv_Haukeli_G1,0.20995547652792898
2021,Haukeli_G1,fill_Haukeli_G1,0.0
2021,Haukeli_G1,inflow_Haukeli_G1,0.043092674836952644
2021,Haukeli_G1,spread_Haukeli_G1,0.12618147273696736
2021,Haukeli_G1,rank_fill_Haukeli_G1,0.01144580447405514
2021,Haukeli_G1,spread_t_Haukeli_G1,0.08348620641889176
2021,Songa_G1,t,0.014778570528938738
2021,Songa_G1,hour,0.004729883855737847
2021,Songa_G1,weekday,0.011313924533773077
2021,Songa_G1,season,0.032458400619182474
2021,Songa_G1,doy_sin,0.043158928586039785
2021,Songa_G1,doy_cos,0.0455380923116821
2021,Songa_G1,price,0.054428776769652416
2021,Songa_G1,price_rank,0.013994011567993467
2021,Songa_G1,price_minus_mean,0.01549763666640239
2021,Songa_G1,price_week_mean,0.07253064471328763
2021,Songa_G1,wv_Songa_G1,0.18576273504799962
2021,Songa_G1,fill_Songa_G1,0.09400129896661255
2021,Songa_G1,inflow_Songa_G1,0.028009999915644034
2021,Songa_G1,spread_Songa_G1,0.22022002829850443
2021,Songa_G1,rank_fill_Songa_G1,0.03279815032456122
2021,Songa_G1,spread_t_Songa_G1,0.1307789172939882
2021,Kjela_G1,t,0.01911006113552499
2021,Kjela_G1,hour,0.006154345923204441
2021,Kjela_G1,weekday,0.014077520235757052
2021,Kjela_G1,season,0.023438615001460102
2021,Kjela_G1,doy_sin,0.049573260255494946
2021,Kjela_G1,doy_cos,0.04672351506653143
2021,Kjela_G1,price,0.06806746585700374
2021,Kjela_G1,price_rank,0.014129607745432522
2021,Kjela_G1,price_minus_mean,0.015176766818857356
2021,Kjela_G1,price_week_mean,0.08881360923641661
2021,Kjela_G1,wv_Kjela_G1,0.14041925609355
2021,Kjela_G1,fill_Kjela_G1,0.08009420742357594
2021,Kjela_G1,inflow_Kjela_G1,0.03154937763929006
2021,Kjela_G1,spread_Kjela_G1,0.22288806830437805
2021,Kjela_G1,rank_fill_Kjela_G1,0.035128041340698114
2021,Kjela_G1,spread_t_Kjela_G1,0.14465628192282468
2021,Vesle Kjela_G1,t,0.016989312867958895
2021,Vesle Kjela_G1,hour,0.0038780740426042383
2021,Vesle Kjela_G1,weekday,0.011242914774173433
2021,Vesle Kjela_G1,season,0.019139816477002473
2021,Vesle Kjela_G1,doy_sin,0.04227064997663375
2021,Vesle Kjela_G1,doy_cos,0.03479228468603813
2021,Vesle Kjela_G1,price,0.03940167605729026
2021,Vesle Kjela_G1,price_rank,0.0080334429865054
2021,Vesle Kjela_G1,price_minus_mean,0.01074359881186286
2021,Vesle Kjela_G1,price_week_mean,0.06989072209773625
2021,Vesle Kjela_G1,wv_Vesle Kjela_G1,0.18482669477965344
2021,Vesle Kjela_G1,fill_Vesle Kjela_G1,0.1182097077002543
2021,Vesle Kjela_G1,inflow_Vesle Kjela_G1,0.02627189136941393
2021,Vesle Kjela_G1,spread_Vesle Kjela_G1,0.23218801346381324
2021,Vesle Kjela_G1,rank_fill_Vesle Kjela_G1,0.03712002784979924
2021,Vesle Kjela_G1,spread_t_Vesle Kjela_G1,0.1450011720592603
2022,Hogga_G1,t,0.03338347237183407
2022,Hogga_G1,hour,0.008402765374096321
2022,Hogga_G1,weekday,0.026138281245774424
2022,Hogga_G1,season,0.02104837652937076
2022,Hogga_G1,doy_sin,0.05111845561038682
2022,Hogga_G1,doy_cos,0.05296823148730361
2022,Hogga_G1,price,0.042306691563576464
2022,Hogga_G1,price_rank,0.015911554500703785
2022,Hogga_G1,price_minus_mean,0.022831820673244647
2022,Hogga_G1,price_week_mean,0.07110920030253853
2022,Hogga_G1,wv_Hogga_G1,0.16705872837581245
2022,Hogga_G1,fill_Hogga_G1,0.08673550029420747
2022,Hogga_G1,inflow_Hogga_G1,0.04062758510157367
2022,Hogga_G1,spread_Hogga_G1,0.19742150577384113
2022,Hogga_G1,rank_fill_Hogga_G1,0.020347144584923874
2022,Hogga_G1,spread_t_Hogga_G1,0.14259068621081214
2022,Tokke_G1,t,0.02234423335285394
2022,Tokke_G1,hour,0.009830897566461301
2022,Tokke_G1,weekday,0.01995071838624018
2022,Tokke_G1,season,0.025638853503567677
2022,Tokke_G1,doy_sin,0.04662241582625148
2022,Tokke_G1,doy_cos,0.05356873162294077
2022,Tokke_G1,price,0.05088434139017234
2022,Tokke_G1,price_rank,0.038537000393186076
2022,Tokke_G1,price_minus_mean,0.03110693767325999
2022,Tokke_G1,price_week_mean,0.06349383649173589
2022,Tokke_G1,wv_Tokke_G1,0.18548151588208234
2022,Tokke_G1,fill_Tokke_G1,0.03792246889110598
2022,Tokke_G1,inflow_Tokke_G1,0.08525009702232689
2022,Tokke_G1,spread_Tokke_G1,0.17464496835733156
2022,Tokke_G1,rank_fill_Tokke_G1,0.04261093412414981
2022,Tokke_G1,spread_t_Tokke_G1,0.11211204951633372
2022,Tokke_G2,t,0.019220340454175793
2022,Tokke_G2,hour,0.0053009157339534395
2022,Tokke_G2,weekday,0.015792112040300732
2022,Tokke_G2,season,0.024890267651534247
2022,Tokke_G2,doy_sin,0.05025712961897218
2022,Tokke_G2,doy_cos,0.05273970558971618
2022,Tokke_G2,price,0.05418745038722692
2022,Tokke_G2,price_rank,0.015126417439249312
2022,Tokke_G2,price_minus_mean,0.025806535959447447
2022,Tokke_G2,price_week_mean,0.073764453572124
2022,Tokke_G2,wv_Tokke_G2,0.22105606127270863
2022,Tokke_G2,fill_Tokke_G2,0.04138264777270747
2022,Tokke_G2,inflow_Tokke_G2,0.05410614166478546
2022,Tokke_G2,spread_Tokke_G2,0.2047354366690995
2022,Tokke_G2,rank_fill_Tokke_G2,0.01797571095240835
2022,Tokke_G2,spread_t_Tokke_G2,0.12365867322159028
2022,Tokke_G3,t,0.01980203161161367
2022,Tokke_G3,hour,0.006671069634603629
2022,Tokke_G3,weekday,0.016742938081788103
2022,Tokke_G3,season,0.023915263517986694
2022,Tokke_G3,doy_sin,0.04807120588505615
2022,Tokke_G3,doy_cos,0.050578657622457966
2022,Tokke_G3,price,0.0532169676125072
2022,Tokke_G3,price_rank,0.021934644249781293
2022,Tokke_G3,price_minus_mean,0.028776933535880025
2022,Tokke_G3,price_week_mean,0.06696483106892621
2022,Tokke_G3,wv_Tokke_G3,0.21385170957833274
2022,Tokke_G3,fill_Tokke_G3,0.03882387050000639
2022,Tokke_G3,inflow_Tokke_G3,0.06785786290485984
2022,Tokke_G3,spread_Tokke_G3,0.1892221504467893
2022,Tokke_G3,rank_fill_Tokke_G3,0.025922429002211745
2022,Tokke_G3,spread_t_Tokke_G3,0.12764743474719914
2022,Tokke_G4,t,0.018400707078034425
2022,Tokke_G4,hour,0.005576509897426883
2022,Tokke_G4,weekday,0.01568517166403734
2022,Tokke_G4,season,0.026721881027728923
2022,Tokke_G4,doy_sin,0.0524173642413949
2022,Tokke_G4,doy_cos,0.05465550426221822
2022,Tokke_G4,price,0.057874906675386945
2022,Tokke_G4,price_rank,0.01681792284668942
2022,Tokke_G4,price_minus_mean,0.028181956592230935
2022,Tokke_G4,price_week_mean,0.07247468717605873
2022,Tokke_G4,wv_Tokke_G4,0.2309779818714306
2022,Tokke_G4,fill_Tokke_G4,0.04255915257422525
2022,Tokke_G4,inflow_Tokke_G4,0.060146687286352966
2022,Tokke_G4,spread_Tokke_G4,0.18418958760458054
2022,Tokke_G4,rank_fill_Tokke_G4,0.020286980147317175
2022,Tokke_G4,spread_t_Tokke_G4,0.1130329990548866
2022,Lio_G1,t,0.018861883276533434
2022,Lio_G1,hour,0.005966018465562797
2022,Lio_G1,weekday,0.020172540594036704
2022,Lio_G1,season,0.03762118976450162
2022,Lio_G1,doy_sin,0.07876941653394925
2022,Lio_G1,doy_cos,0.09663381648083216
2022,Lio_G1,price,0.047554049306532786
2022,Lio_G1,price_rank,0.011365552362329721
2022,Lio_G1,price_minus_mean,0.014814328009791426
2022,Lio_G1,price_week_mean,0.08303309128559676
2022,Lio_G1,wv_Lio_G1,0.13607148998687182
2022,Lio_G1,fill_Lio_G1,0.13564025834466886
2022,Lio_G1,inflow_Lio_G1,0.0630442883337731
2022,Lio_G1,spread_Lio_G1,0.14258363948072347
2022,Lio_G1,rank_fill_Lio_G1,0.023261145757012186
2022,Lio_G1,spread_t_Lio_G1,0.08460729201728391
2022,Byrte_G1,t,0.012350985479780434
2022,Byrte_G1,hour,0.0034172618990109976
2022,Byrte_G1,weekday,0.010387200588026477
2022,Byrte_G1,season,0.030257313915509284
2022,Byrte_G1,doy_sin,0.05616315284528373
2022,Byrte_G1,doy_cos,0.0450799482180231
2022,Byrte_G1,price,0.03898235340496542
2022,Byrte_G1,price_rank,0.008558232002150968
2022,Byrte_G1,price_minus_mean,0.010771875408791208
2022,Byrte_G1,price_week_mean,0.062475857145588364
2022,Byrte_G1,wv_Byrte_G1,0.1934111132985279
2022,Byrte_G1,fill_Byrte_G1,0.11267034702497015
2022,Byrte_G1,inflow_Byrte_G1,0.01899517686427403
2022,Byrte_G1,spread_Byrte_G1,0.2308184494096355
2022,Byrte_G1,rank_fill_Byrte_G1,0.03321658647714108
2022,Byrte_G1,spread_t_Byrte_G1,0.13244414601832133
2022,Vinje_G1,t,0.03709571140538653
2022,Vinje_G1,hour,0.00951876693801235
2022,Vinje_G1,weekday,0.026174509845513366
2022,Vinje_G1,season,0.021330242087732456
2022,Vinje_G1,doy_sin,0.06900242228828021
2022,Vinje_G1,doy_cos,0.066637885326403
2022,Vinje_G1,price,0.05388584751424842
2022,Vinje_G1,price_rank,0.02779245614225781
2022,Vinje_G1,price_minus_mean,0.03418244474098751
2022,Vinje_G1,price_week_mean,0.11274122561335272
2022,Vinje_G1,wv_Vinje_G1,0.1521277656640319
2022,Vinje_G1,fill_Vinje_G1,0.13095959009363825
2022,Vinje_G1,inflow_Vinje_G1,0.05141874421392271
2022,Vinje_G1,spread_Vinje_G1,0.09382455425058989
2022,Vinje_G1,rank_fill_Vinje_G1,0.05421596672842591
2022,Vinje_G1,spread_t_Vinje_G1,0.05909186714721702
2022,Vinje_G2,t,0.040428953600900173
2022,Vinje_G2,hour,0.011347481803178157
2022,Vinje_G2,weekday,0.029334633806559884
2022,Vinje_G2,season,0.020664793626949986
2022,Vinje_G2,doy_sin,0.07170551118628475
2022,Vinje_G2,doy_cos,0.06697715821686381
2022,Vinje_G2,price,0.05300545918695388
2022,Vinje_G2,price_rank,0.03103127474721197
2022,Vinje_G2,price_minus_mean,0.03399907998859289
2022,Vinje_G2,price_week_mean,0.1099338132237665
2022,Vinje_G2,wv_Vinje_G2,0.1408018577438202
2022,Vinje_G2,fill_Vinje_G2,0.12811575922976692
2022,Vinje_G2,inflow_Vinje_G2,0.053249494701090576
2022,Vinje_G2,spread_Vinje_G2,0.09373184400152043
2022,Vinje_G2,rank_fill_Vinje_G2,0.05362089355421455
2022,Vinje_G2,spread_t_Vinje_G2,0.0620519913823253
2022,Vinje_G3,t,0.05086764335474717
2022,Vinje_G3,hour,0.017674895850360434
2022,Vinje_G3,weekday,0.03664499325541352
2022,Vinje_G3,season,0.024498827068888646
2022,Vinje_G3,doy_sin,0.07546954240032512
2022,Vinje_G3,doy_cos,0.07487065094218714
2022,Vinje_G3,price,0.04819033586428793
2022,Vinje_G3,price_rank,0.03404719104619643
2022,Vinje_G3,price_minus_mean,0.036346449602105105
2022,Vinje_G3,price_week_mean,0.0963502558070184
2022,Vinje_G3,wv_Vinje_G3,0.11792917175827504
2022,Vinje_G3,fill_Vinje_G3,0.11601366629189223
2022,Vinje_G3,inflow_Vinje_G3,0.055954097701434766
2022,Vinje_G3,spread_Vinje_G3,0.08400994706260254
2022,Vinje_G3,rank_fill_Vinje_G3,0.056014175221898534
2022,Vinje_G3,spread_t_Vinje_G3,0.0751181567723671
2022,Haukeli_G1,t,0.03643480312784868
2022,Haukeli_G1,hour,0.006091886673484812
2022,Haukeli_G1,weekday,0.025829471845813738
2022,Haukeli_G1,season,0.029144466823238607
2022,Haukeli_G1,doy_sin,0.07654528673208943
2022,Haukeli_G1,doy_cos,0.07465083849308522
2022,Haukeli_G1,price,0.06656743144781119
2022,Haukeli_G1,price_rank,0.011896283982565788
2022,Haukeli_G1,price_minus_mean,0.022933133682148017
2022,Haukeli_G1,price_week_mean,0.16195093986716413
2022,Haukeli_G1,wv_Haukeli_G1,0.20841729385715563
2022,Haukeli_G1,fill_Haukeli_G1,0.0
2022,Haukeli_G1,inflow_Haukeli_G1,0.04436026750562835
2022,Haukeli_G1,spread_Haukeli_G1,0.1349533399077081
2022,Haukeli_G1,rank_fill_Haukeli_G1,0.011940009436566864
2022,Haukeli_G1,spread_t_Haukeli_G1,0.08828454661769135
2022,Songa_G1,t,0.013910709680544312
2022,Songa_G1,hour,0.00463353004047526
2022,Songa_G1,weekday,0.01082804131298618
2022,Songa_G1,season,0.03341127997208606
2022,Songa_G1,doy_sin,0.049365390756701814
2022,Songa_G1,doy_cos,0.04346418355618034
2022,Songa_G1,price,0.057339438635127846
2022,Songa_G1,price_rank,0.014960794366490459
2022,Songa_G1,price_minus_mean,0.015895200347837986
2022,Songa_G1,price_week_mean,0.08312822892668718
2022,Songa_G1,wv_Songa_G1,0.15732266690507196
2022,Songa_G1,fill_Songa_G1,0.11889674525386654
2022,Songa_G1,inflow_Songa_G1,0.029478409878803225
2022,Songa_G1,spread_Songa_G1,0.19920385527019727
2022,Songa_G1,rank_fill_Songa_G1,0.040984148289937385
2022,Songa_G1,spread_t_Songa_G1,0.12717737680700633
2022,Kjela_G1,t,0.017811138487536935
2022,Kjela_G1,hour,0.005748276616285801
2022,Kjela_G1,weekday,0.012872844537923917
2022,Kjela_G1,season,0.027376721664094314
2022,Kjela_G1,doy_sin,0.05304219799682536
2022,Kjela_G1,doy_cos,0.048073743916391576
2022,Kjela_G1,price,0.05661941000087737
2022,Kjela_G1,price_rank,0.013813960147685597
2022,Kjela_G1,price_minus_mean,0.01647739294370935
2022,Kjela_G1,price_week_mean,0.07394431583840916
2022,Kjela_G1,wv_Kjela_G1,0.13602283196500567
2022,Kjela_G1,fill_Kjela_G1,0.11487873858088046
2022,Kjela_G1,inflow_Kjela_G1,0.028840520044662983
2022,Kjela_G1,spread_Kjela_G1,0.20913626568887575
2022,Kjela_G1,rank_fill_Kjela_G1,0.04890470375556264
2022,Kjela_G1,spread_t_Kjela_G1,0.13643693781527313
2022,Vesle Kjela_G1,t,0.01641305979090045
2022,Vesle Kjela_G1,hour,0.0035996631207062964
2022,Vesle Kjela_G1,weekday,0.010744772822840275
2022,Vesle Kjela_G1,season,0.02763685213425068
2022,Vesle Kjela_G1,doy_sin,0.04975093283052916
2022,Vesle Kjela_G1,doy_cos,0.03437518115861486
2022,Vesle Kjela_G1,price,0.03880444810619559
2022,Vesle Kjela_G1,price_rank,0.009418873575033165
2022,Vesle Kjela_G1,price_minus_mean,0.011386209096333028
2022,Vesle Kjela_G1,price_week_mean,0.05973766222685448
2022,Vesle Kjela_G1,wv_Vesle Kjela_G1,0.16133108359540288
2022,Vesle Kjela_G1,fill_Vesle Kjela_G1,0.14589171637207785
2022,Vesle Kjela_G1,inflow_Vesle Kjela_G1,0.029280478512453478
2022,Vesle Kjela_G1,spread_Vesle Kjela_G1,0.21524952897679506
2022,Vesle Kjela_G1,rank_fill_Vesle Kjela_G1,0.051127608784121065
2022,Vesle Kjela_G1,spread_t_Vesle Kjela_G1,0.13525192889689172
