unit,feature,importance
Hogga_G1,t,0.008309226414511985
Hogga_G1,hour,0.0017126543562210642
Hogga_G1,weekday,0.0032886504292775755
Hogga_G1,season,0.0031851595247488116
Hogga_G1,doy_sin,0.029779966076270863
Hogga_G1,doy_cos,0.0300792844139028
Hogga_G1,price,0.004026018187868914
Hogga_G1,price_rank,0.00104412798621786
Hogga_G1,price_minus_mean,0.020582161222474412
Hogga_G1,price_week_mean,0.05994381560946848
Hogga_G1,wv_Hogga_G1,0.06441944521820343
Hogga_G1,fill_Hogga_G1,0.05025474354609223
Hogga_G1,inflow_Hogga_G1,0.02060934843846479
Hogga_G1,spread_Hogga_G1,0.6330588543263457
Hogga_G1,rank_fill_Hogga_G1,0.0025792802201407986
Hogga_G1,spread_t_Hogga_G1,0.06712726402979027
Tokke_G1,t,0.003518777069569972
Tokke_G1,hour,0.0008289506499892712
Tokke_G1,weekday,0.0012300331965720702
Tokke_G1,season,0.008579441402428573
Tokke_G1,doy_sin,0.03091789326695628
Tokke_G1,doy_cos,0.035296582392199134
Tokke_G1,price,0.01957125604456017
Tokke_G1,price_rank,0.012633175885542601
Tokke_G1,price_minus_mean,0.06935861148355085
Tokke_G1,price_week_mean,0.051938859925302415
Tokke_G1,wv_Tokke_G1,0.04420963482245431
Tokke_G1,fill_Tokke_G1,0.013112528087102336
Tokke_G1,inflow_Tokke_G1,0.14498269098343775
Tokke_G1,spread_Tokke_G1,0.5283499732752862
Tokke_G1,rank_fill_Tokke_G1,0.021996702012649465
Tokke_G1,spread_t_Tokke_G1,0.013474889502398614
Tokke_G2,t,0.0038034347659220286
Tokke_G2,hour,0.00016013047698822862
Tokke_G2,weekday,0.00069455170647956
Tokke_G2,season,0.00913970672070836
Tokke_G2,doy_sin,0.04148918508639514
Tokke_G2,doy_cos,0.06394778210402655
Tokke_G2,price,0.01630381175496226
Tokke_G2,price_rank,0.0037819512016714425
Tokke_G2,price_minus_mean,0.023105038240640228
Tokke_G2,price_week_mean,0.08564539709282826
Tokke_G2,wv_Tokke_G2,0.08626241146809993
Tokke_G2,fill_Tokke_G2,0.019247956480141843
Tokke_G2,inflow_Tokke_G2,0.07566440061668851
Tokke_G2,spread_Tokke_G2,0.5435632202431417
Tokke_G2,rank_fill_Tokke_G2,0.0018444766352608128
Tokke_G2,spread_t_Tokke_G2,0.025346545406045126
Tokke_G3,t,0.0031368725928184464
Tokke_G3,hour,6.416503136509373e-05
Tokke_G3,weekday,0.0005181221938681411
Tokke_G3,season,0.009963699946835644
Tokke_G3,doy_sin,0.04167733123196009
Tokke_G3,doy_cos,0.04560807401051216
Tokke_G3,price,0.020889918536020007
Tokke_G3,price_rank,0.009295208836474656
Tokke_G3,price_minus_mean,0.035992700927707365
Tokke_G3,price_week_mean,0.0784033034668586
Tokke_G3,wv_Tokke_G3,0.06232096182779588
Tokke_G3,fill_Tokke_G3,0.015153242368424637
Tokke_G3,inflow_Tokke_G3,0.09749620769716648
Tokke_G3,spread_Tokke_G3,0.5528444476966984
Tokke_G3,rank_fill_Tokke_G3,0.0035086978427545956
Tokke_G3,spread_t_Tokke_G3,0.0231270457927398
Tokke_G4,t,0.0008323411289941167
Tokke_G4,hour,0.00020218044676419508
Tokke_G4,weekday,0.00028200092276817754
Tokke_G4,season,0.009558050237297512
Tokke_G4,doy_sin,0.04352630235080935
Tokke_G4,doy_cos,0.06331210048245546
Tokke_G4,price,0.022099370307427008
Tokke_G4,price_rank,0.006917203936053402
Tokke_G4,price_minus_mean,0.02662782845323739
Tokke_G4,price_week_mean,0.09380565054814438
Tokke_G4,wv_Tokke_G4,0.08327856345626244
Tokke_G4,fill_Tokke_G4,0.019887222039665815
Tokke_G4,inflow_Tokke_G4,0.08679597993080708
Tokke_G4,spread_Tokke_G4,0.5329317729289641
Tokke_G4,rank_fill_Tokke_G4,0.0017073116809669057
Tokke_G4,spread_t_Tokke_G4,0.00823612114938264
Lio_G1,t,0.0014392269763027678
Lio_G1,hour,0.0014470585968124159
Lio_G1,weekday,0.0011420266271321986
Lio_G1,season,0.002418205334075088
Lio_G1,doy_sin,0.06777864288496771
Lio_G1,doy_cos,0.03537879634673321
Lio_G1,price,0.019656493476749585
Lio_G1,price_rank,0.0012398888877248897
Lio_G1,price_minus_mean,0.003518826034402487
Lio_G1,price_week_mean,0.04797846963758844
Lio_G1,wv_Lio_G1,0.03762384876143043
Lio_G1,fill_Lio_G1,0.055321223386691425
Lio_G1,inflow_Lio_G1,0.12714127620216933
Lio_G1,spread_Lio_G1,0.5952313204124904
Lio_G1,rank_fill_Lio_G1,0.0013985753416100217
Lio_G1,spread_t_Lio_G1,0.0012861210931195545
Byrte_G1,t,0.003407844342217111
Byrte_G1,hour,0.006664422186753252
Byrte_G1,weekday,0.0028269495124304063
Byrte_G1,season,0.0003264602550784838
Byrte_G1,doy_sin,0.0065281140753316105
Byrte_G1,doy_cos,0.008114659826702203
Byrte_G1,price,0.0032811838665956295
Byrte_G1,price_rank,0.004529965475093947
Byrte_G1,price_minus_mean,0.01757604403767645
Byrte_G1,price_week_mean,0.015316791399398825
Byrte_G1,wv_Byrte_G1,0.010141837893177205
Byrte_G1,fill_Byrte_G1,0.026075534940800355
Byrte_G1,inflow_Byrte_G1,0.015569467509620889
Byrte_G1,spread_Byrte_G1,0.8762493220258591
Byrte_G1,rank_fill_Byrte_G1,0.002020325789922509
Byrte_G1,spread_t_Byrte_G1,0.001371076863341986
Vinje_G1,t,0.0035607243692245293
Vinje_G1,hour,0.00010891341736367685
Vinje_G1,weekday,0.0005170727759386593
Vinje_G1,season,0.00691581030984847
Vinje_G1,doy_sin,0.05079087473505093
Vinje_G1,doy_cos,0.06608620460055306
Vinje_G1,price,0.020669099974957184
Vinje_G1,price_rank,0.0032259990653130148
Vinje_G1,price_minus_mean,0.04675542648421507
Vinje_G1,price_week_mean,0.13573709849526572
Vinje_G1,wv_Vinje_G1,0.11006361521930969
Vinje_G1,fill_Vinje_G1,0.13511854689449107
Vinje_G1,inflow_Vinje_G1,0.045982499056684605
Vinje_G1,spread_Vinje_G1,0.2965022376747345
Vinje_G1,rank_fill_Vinje_G1,0.03346734665225649
Vinje_G1,spread_t_Vinje_G1,0.04449853027479336
Vinje_G2,t,0.004768969316222766
Vinje_G2,hour,0.0009205462310114736
Vinje_G2,weekday,0.0010763116497952254
Vinje_G2,season,0.005462458409525405
Vinje_G2,doy_sin,0.05011035521968317
Vinje_G2,doy_cos,0.06992086255355287
Vinje_G2,price,0.020466363464567178
Vinje_G2,price_rank,0.006464657034169986
Vinje_G2,price_minus_mean,0.04138194584262035
Vinje_G2,price_week_mean,0.127124552879737
Vinje_G2,wv_Vinje_G2,0.0970191722143402
Vinje_G2,fill_Vinje_G2,0.1280927926021046
Vinje_G2,inflow_Vinje_G2,0.05463742096383106
Vinje_G2,spread_Vinje_G2,0.295006955600249
Vinje_G2,rank_fill_Vinje_G2,0.03666297412817144
Vinje_G2,spread_t_Vinje_G2,0.060883661890418266
Vinje_G3,t,0.013196857797472894
Vinje_G3,hour,0.008843602532750737
Vinje_G3,weekday,0.003193350221254118
Vinje_G3,season,0.0030932937966555393
Vinje_G3,doy_sin,0.050044643841807124
Vinje_G3,doy_cos,0.0628547332687298
Vinje_G3,price,0.021019824014998686
Vinje_G3,price_rank,0.020428027803490508
Vinje_G3,price_minus_mean,0.0340608973329948
Vinje_G3,price_week_mean,0.10840611269993083
Vinje_G3,wv_Vinje_G3,0.06869259096339729
Vinje_G3,fill_Vinje_G3,0.11216478160332535
Vinje_G3,inflow_Vinje_G3,0.061528273779232805
Vinje_G3,spread_Vinje_G3,0.3183949772289067
Vinje_G3,rank_fill_Vinje_G3,0.03015058243822744
Vinje_G3,spread_t_Vinje_G3,0.08392745067682537
Haukeli_G1,t,0.004117140926481314
Haukeli_G1,hour,0.0003585410094836997
Haukeli_G1,weekday,0.0018008242804115934
Haukeli_G1,season,0.00864943277085378
Haukeli_G1,doy_sin,0.0741161750825221
Haukeli_G1,doy_cos,0.08286402602205356
Haukeli_G1,price,0.006304114285954553
Haukeli_G1,price_rank,0.0004295141427076622
Haukeli_G1,price_minus_mean,0.008900203038056104
Haukeli_G1,price_week_mean,0.1497618630364212
Haukeli_G1,wv_Haukeli_G1,0.15956004130974924
Haukeli_G1,fill_Haukeli_G1,0.0
Haukeli_G1,inflow_Haukeli_G1,0.07340641463737814
Haukeli_G1,spread_Haukeli_G1,0.4241217172407352
Haukeli_G1,rank_fill_Haukeli_G1,0.0
Haukeli_G1,spread_t_Haukeli_G1,0.005609992217191803
Songa_G1,t,0.0021259978565055025
Songa_G1,hour,0.004457753134142689
Songa_G1,weekday,0.0010412833070864147
Songa_G1,season,0.00022158118480831656
Songa_G1,doy_sin,0.029131462822641722
Songa_G1,doy_cos,0.018947900474242847
Songa_G1,price,0.0038479083371207477
Songa_G1,price_rank,0.004513296934627217
Songa_G1,price_minus_mean,0.0042836379722892915
Songa_G1,price_week_mean,0.02540240103648476
Songa_G1,wv_Songa_G1,0.02215793484312883
Songa_G1,fill_Songa_G1,0.03240259933104409
Songa_G1,inflow_Songa_G1,0.012705031925115691
Songa_G1,spread_Songa_G1,0.8256701542562821
Songa_G1,rank_fill_Songa_G1,0.001792434412521461
Songa_G1,spread_t_Songa_G1,0.011298622171958275
Kjela_G1,t,0.006867912276277595
Kjela_G1,hour,0.005225933587686682
Kjela_G1,weekday,0.0012187612718687158
Kjela_G1,season,0.0008656298268824721
Kjela_G1,doy_sin,0.02798831739411535
Kjela_G1,doy_cos,0.0245754101483252
Kjela_G1,price,0.011613030721315446
Kjela_G1,price_rank,0.00222376461182906
Kjela_G1,price_minus_mean,0.00816500998474952
Kjela_G1,price_week_mean,0.03621606378803328
Kjela_G1,wv_Kjela_G1,0.02077279852641162
Kjela_G1,fill_Kjela_G1,0.037275672828785134
Kjela_G1,inflow_Kjela_G1,0.03175565247811896
Kjela_G1,spread_Kjela_G1,0.7771099619740589
Kjela_G1,rank_fill_Kjela_G1,0.0013356156741343372
Kjela_G1,spread_t_Kjela_G1,0.0067904649074077335
Vesle Kjela_G1,t,0.0068981580261709315
Vesle Kjela_G1,hour,0.00797234848746012
Vesle Kjela_G1,weekday,0.0020430714064495516
Vesle Kjela_G1,season,0.0007550605670894641
Vesle Kjela_G1,doy_sin,0.007381725349628141
Vesle Kjela_G1,doy_cos,0.008756397791598895
Vesle Kjela_G1,price,0.0012712078377499797
Vesle Kjela_G1,price_rank,0.004132604623720927
Vesle Kjela_G1,price_minus_mean,0.012880017028701361
Vesle Kjela_G1,price_week_mean,0.0213926960222936
Vesle Kjela_G1,wv_Vesle Kjela_G1,0.02670963844643724
Vesle Kjela_G1,fill_Vesle Kjela_G1,0.020270176055873942
Vesle Kjela_G1,inflow_Vesle Kjela_G1,0.012698415257373828
Vesle Kjela_G1,spread_Vesle Kjela_G1,0.8630766870030083
Vesle Kjela_G1,rank_fill_Vesle Kjela_G1,0.0013196291858531138
Vesle Kjela_G1,spread_t_Vesle Kjela_G1,0.00244216691059053
